{
  "best_epoch": 3,
  "peak_worker_0_memory_MB": 10380.1015625,
  "peak_gpu_0_memory_MB": 2471.2734375,
  "training_duration": "0:09:26.121193",
  "epoch": 3,
  "training_start_acc": 0.6053265448235711,
  "training_end_acc": 0.6516626902133587,
  "training_span_acc": 0.5081564858046325,
  "training_em": 0.5651434377104761,
  "training_f1": 0.7107427213761142,
  "training_loss": 2.6063889394612074,
  "training_worker_0_memory_MB": 10380.1015625,
  "training_gpu_0_memory_MB": 2469.3740234375,
  "validation_start_acc": 0.6256385998107853,
  "validation_end_acc": 0.6538315988647114,
  "validation_span_acc": 0.5291390728476821,
  "validation_em": 0.653926206244087,
  "validation_f1": 0.7588696345661788,
  "validation_loss": 2.536218241475663,
  "best_validation_start_acc": 0.6256385998107853,
  "best_validation_end_acc": 0.6538315988647114,
  "best_validation_span_acc": 0.5291390728476821,
  "best_validation_em": 0.653926206244087,
  "best_validation_f1": 0.7588696345661788,
  "best_validation_loss": 2.536218241475663
}