{
  "best_epoch": 0,
  "peak_worker_0_memory_MB": 10256.58984375,
  "peak_gpu_0_memory_MB": 51.61376953125,
  "training_duration": "0:02:20.400488",
  "epoch": 0,
  "training_start_acc": 0.3149236863434514,
  "training_end_acc": 0.34509526364456217,
  "training_span_acc": 0.23446614687382275,
  "training_em": 0.26116736492425713,
  "training_f1": 0.3805173649587893,
  "training_loss": 5.292491382333242,
  "training_worker_0_memory_MB": 10256.58984375,
  "training_gpu_0_memory_MB": 51.61376953125,
  "validation_start_acc": 0.5439924314096499,
  "validation_end_acc": 0.5751182592242194,
  "validation_span_acc": 0.4485335856196783,
  "validation_em": 0.5581835383159887,
  "validation_f1": 0.6722052091394581,
  "validation_loss": 3.221587212580555,
  "best_validation_start_acc": 0.5439924314096499,
  "best_validation_end_acc": 0.5751182592242194,
  "best_validation_span_acc": 0.4485335856196783,
  "best_validation_em": 0.5581835383159887,
  "best_validation_f1": 0.6722052091394581,
  "best_validation_loss": 3.221587212580555
}