{
  "best_epoch": 8,
  "peak_worker_0_memory_MB": 10381.48046875,
  "peak_gpu_0_memory_MB": 2475.12060546875,
  "training_duration": "0:28:02.964878",
  "epoch": 11,
  "training_start_acc": 0.7220858685601433,
  "training_end_acc": 0.7718010479571684,
  "training_span_acc": 0.6316282149339605,
  "training_em": 0.6894370940307538,
  "training_f1": 0.8221902289545796,
  "training_loss": 1.6194883771138648,
  "training_worker_0_memory_MB": 10381.48046875,
  "training_gpu_0_memory_MB": 2468.1826171875,
  "validation_start_acc": 0.6203405865657521,
  "validation_end_acc": 0.6582781456953642,
  "validation_span_acc": 0.5282876064333017,
  "validation_em": 0.6600756859035005,
  "validation_f1": 0.7645436894976251,
  "validation_loss": 2.7588956621457945,
  "best_validation_start_acc": 0.6342478713339641,
  "best_validation_end_acc": 0.6695364238410596,
  "best_validation_span_acc": 0.5470198675496689,
  "best_validation_em": 0.6755912961210975,
  "best_validation_f1": 0.7726551660020516,
  "best_validation_loss": 2.6248820745720054
}