{
  "best_epoch": 8,
  "peak_worker_0_memory_MB": 10381.48046875,
  "peak_gpu_0_memory_MB": 2474.84228515625,
  "training_duration": "0:21:06.031539",
  "epoch": 8,
  "training_start_acc": 0.692679140172833,
  "training_end_acc": 0.7401910980718958,
  "training_span_acc": 0.5982145914907705,
  "training_em": 0.6576559093140333,
  "training_f1": 0.7943295969628891,
  "training_loss": 1.8716331240793342,
  "training_worker_0_memory_MB": 10381.48046875,
  "training_gpu_0_memory_MB": 2474.84228515625,
  "validation_start_acc": 0.6342478713339641,
  "validation_end_acc": 0.6695364238410596,
  "validation_span_acc": 0.5470198675496689,
  "validation_em": 0.6755912961210975,
  "validation_f1": 0.7726551660020516,
  "validation_loss": 2.6248820745720054,
  "best_validation_start_acc": 0.6342478713339641,
  "best_validation_end_acc": 0.6695364238410596,
  "best_validation_span_acc": 0.5470198675496689,
  "best_validation_em": 0.6755912961210975,
  "best_validation_f1": 0.7726551660020516,
  "best_validation_loss": 2.6248820745720054
}