{
  "best_epoch": 5,
  "peak_worker_0_memory_MB": 10381.08984375,
  "peak_gpu_0_memory_MB": 2472.9130859375,
  "training_duration": "0:14:05.933308",
  "epoch": 5,
  "training_start_acc": 0.648843023322184,
  "training_end_acc": 0.6953960661651388,
  "training_span_acc": 0.5532711560634254,
  "training_em": 0.6112056073699471,
  "training_f1": 0.7531322005084828,
  "training_loss": 2.241451706107893,
  "training_worker_0_memory_MB": 10381.08984375,
  "training_gpu_0_memory_MB": 2462.310546875,
  "validation_start_acc": 0.6329233680227058,
  "validation_end_acc": 0.6603595080416272,
  "validation_span_acc": 0.537275307473983,
  "validation_em": 0.6670766319772943,
  "validation_f1": 0.767897715147374,
  "validation_loss": 2.508312248283962,
  "best_validation_start_acc": 0.6329233680227058,
  "best_validation_end_acc": 0.6603595080416272,
  "best_validation_span_acc": 0.537275307473983,
  "best_validation_em": 0.6670766319772943,
  "best_validation_f1": 0.767897715147374,
  "best_validation_loss": 2.508312248283962
}