{
  "best_epoch": 8,
  "peak_worker_0_memory_MB": 10381.48046875,
  "peak_gpu_0_memory_MB": 2475.63134765625,
  "training_duration": "0:34:59.245016",
  "epoch": 14,
  "training_start_acc": 0.7804997773947191,
  "training_end_acc": 0.8341761892259044,
  "training_span_acc": 0.6999509126816517,
  "training_em": 0.7567095514788982,
  "training_f1": 0.8753200584668172,
  "training_loss": 1.1803835002390761,
  "training_worker_0_memory_MB": 10381.48046875,
  "training_gpu_0_memory_MB": 2475.63134765625,
  "validation_start_acc": 0.6242194891201513,
  "validation_end_acc": 0.663670766319773,
  "validation_span_acc": 0.5399243140964995,
  "validation_em": 0.6697256385998108,
  "validation_f1": 0.7689195259111055,
  "validation_loss": 3.0113294286547965,
  "best_validation_start_acc": 0.6342478713339641,
  "best_validation_end_acc": 0.6695364238410596,
  "best_validation_span_acc": 0.5470198675496689,
  "best_validation_em": 0.6755912961210975,
  "best_validation_f1": 0.7726551660020516,
  "best_validation_loss": 2.6248820745720054
}