{
  "best_epoch": 8,
  "peak_worker_0_memory_MB": 10381.48046875,
  "peak_gpu_0_memory_MB": 2475.63134765625,
  "training_duration": "0:41:53.298158",
  "epoch": 17,
  "training_start_acc": 0.8140161417367778,
  "training_end_acc": 0.8687656251783696,
  "training_span_acc": 0.7433988972476855,
  "training_em": 0.7960821470564733,
  "training_f1": 0.9014279510667882,
  "training_loss": 0.9407860074005171,
  "training_worker_0_memory_MB": 10381.48046875,
  "training_gpu_0_memory_MB": 2470.50048828125,
  "validation_start_acc": 0.6221381267738884,
  "validation_end_acc": 0.6562913907284769,
  "validation_span_acc": 0.5330179754020814,
  "validation_em": 0.665279091769158,
  "validation_f1": 0.7645416588405503,
  "validation_loss": 3.327268161863651,
  "best_validation_start_acc": 0.6342478713339641,
  "best_validation_end_acc": 0.6695364238410596,
  "best_validation_span_acc": 0.5470198675496689,
  "best_validation_em": 0.6755912961210975,
  "best_validation_f1": 0.7726551660020516,
  "best_validation_loss": 2.6248820745720054
}