{
  "best_epoch": 8,
  "peak_worker_0_memory_MB": 10381.48046875,
  "peak_gpu_0_memory_MB": 2475.63134765625,
  "training_duration": "0:37:17.150684",
  "epoch": 15,
  "training_start_acc": 0.8006484092284158,
  "training_end_acc": 0.8537312069772486,
  "training_span_acc": 0.7250996015936255,
  "training_em": 0.7810477288553522,
  "training_f1": 0.8918082973779513,
  "training_loss": 1.0432536510572041,
  "training_worker_0_memory_MB": 10381.48046875,
  "training_gpu_0_memory_MB": 2465.8994140625,
  "validation_start_acc": 0.6270577105014191,
  "validation_end_acc": 0.6632923368022706,
  "validation_span_acc": 0.5412488174077578,
  "validation_em": 0.6702932828760644,
  "validation_f1": 0.7689318261110349,
  "validation_loss": 3.208827556304212,
  "best_validation_start_acc": 0.6342478713339641,
  "best_validation_end_acc": 0.6695364238410596,
  "best_validation_span_acc": 0.5470198675496689,
  "best_validation_em": 0.6755912961210975,
  "best_validation_f1": 0.7726551660020516,
  "best_validation_loss": 2.6248820745720054
}