{
  "best_epoch": 8,
  "peak_worker_0_memory_MB": 10381.48046875,
  "peak_gpu_0_memory_MB": 2475.63134765625,
  "training_duration": "0:44:11.884161",
  "epoch": 18,
  "training_start_acc": 0.8231258347698033,
  "training_end_acc": 0.8789255585109419,
  "training_span_acc": 0.7554195824153244,
  "training_em": 0.807554880763479,
  "training_f1": 0.9095334428437689,
  "training_loss": 0.8756814260597099,
  "training_worker_0_memory_MB": 10381.48046875,
  "training_gpu_0_memory_MB": 2470.09619140625,
  "validation_start_acc": 0.6219489120151371,
  "validation_end_acc": 0.6570482497634815,
  "validation_span_acc": 0.5338694418164617,
  "validation_em": 0.6635761589403973,
  "validation_f1": 0.7640845347606655,
  "validation_loss": 3.5095771780553853,
  "best_validation_start_acc": 0.6342478713339641,
  "best_validation_end_acc": 0.6695364238410596,
  "best_validation_span_acc": 0.5470198675496689,
  "best_validation_em": 0.6755912961210975,
  "best_validation_f1": 0.7726551660020516,
  "best_validation_loss": 2.6248820745720054
}