{
  "best_epoch": 8,
  "peak_worker_0_memory_MB": 10381.48046875,
  "peak_gpu_0_memory_MB": 2475.12060546875,
  "training_duration": "0:30:23.114405",
  "epoch": 12,
  "training_start_acc": 0.7558990399433784,
  "training_end_acc": 0.8064589778422128,
  "training_span_acc": 0.6700418954554276,
  "training_em": 0.7270288473612713,
  "training_f1": 0.8523038384314456,
  "training_loss": 1.3652049027349307,
  "training_worker_0_memory_MB": 10381.48046875,
  "training_gpu_0_memory_MB": 2469.8330078125,
  "validation_start_acc": 0.6275307473982971,
  "validation_end_acc": 0.6614947965941343,
  "validation_span_acc": 0.5360454115421003,
  "validation_em": 0.6674550614947966,
  "validation_f1": 0.7709990576706677,
  "validation_loss": 2.852407792829118,
  "best_validation_start_acc": 0.6342478713339641,
  "best_validation_end_acc": 0.6695364238410596,
  "best_validation_span_acc": 0.5470198675496689,
  "best_validation_em": 0.6755912961210975,
  "best_validation_f1": 0.7726551660020516,
  "best_validation_loss": 2.6248820745720054
}