{
  "best_epoch": 6,
  "peak_worker_0_memory_MB": 10381.22265625,
  "peak_gpu_0_memory_MB": 2472.9130859375,
  "training_duration": "0:16:25.839386",
  "epoch": 6,
  "training_start_acc": 0.6643797303622188,
  "training_end_acc": 0.7129419285608283,
  "training_span_acc": 0.5702119887213324,
  "training_em": 0.6286601445221978,
  "training_f1": 0.7693540162447096,
  "training_loss": 2.0971666826232926,
  "training_worker_0_memory_MB": 10381.22265625,
  "training_gpu_0_memory_MB": 2465.93798828125,
  "validation_start_acc": 0.6305581835383159,
  "validation_end_acc": 0.671523178807947,
  "validation_span_acc": 0.5447492904446547,
  "validation_em": 0.6729422894985809,
  "validation_f1": 0.7716877590283877,
  "validation_loss": 2.5223602483857355,
  "best_validation_start_acc": 0.6305581835383159,
  "best_validation_end_acc": 0.671523178807947,
  "best_validation_span_acc": 0.5447492904446547,
  "best_validation_em": 0.6729422894985809,
  "best_validation_f1": 0.7716877590283877,
  "best_validation_loss": 2.5223602483857355
}