{
  "best_epoch": 8,
  "peak_worker_0_memory_MB": 10381.48046875,
  "peak_gpu_0_memory_MB": 2475.12060546875,
  "training_duration": "0:25:45.011849",
  "epoch": 10,
  "training_start_acc": 0.7113893994223678,
  "training_end_acc": 0.7612187353736914,
  "training_span_acc": 0.6202696377812532,
  "training_em": 0.6787634562038379,
  "training_f1": 0.8128949920075722,
  "training_loss": 1.6972277986132391,
  "training_worker_0_memory_MB": 10381.48046875,
  "training_gpu_0_memory_MB": 2475.12060546875,
  "validation_start_acc": 0.6279091769157994,
  "validation_end_acc": 0.6622516556291391,
  "validation_span_acc": 0.5381267738883633,
  "validation_em": 0.6690633869441817,
  "validation_f1": 0.7673018114350708,
  "validation_loss": 2.6671521047376237,
  "best_validation_start_acc": 0.6342478713339641,
  "best_validation_end_acc": 0.6695364238410596,
  "best_validation_span_acc": 0.5470198675496689,
  "best_validation_em": 0.6755912961210975,
  "best_validation_f1": 0.7726551660020516,
  "best_validation_loss": 2.6248820745720054
}