{
  "best_epoch": 4,
  "peak_worker_0_memory_MB": 10381.03515625,
  "peak_gpu_0_memory_MB": 2472.9130859375,
  "training_duration": "0:11:46.135065",
  "epoch": 4,
  "training_start_acc": 0.6298245413760432,
  "training_end_acc": 0.6758296327583648,
  "training_span_acc": 0.5333280060274661,
  "training_em": 0.5916163426523133,
  "training_f1": 0.734825864222269,
  "training_loss": 2.400988858965434,
  "training_worker_0_memory_MB": 10381.03515625,
  "training_gpu_0_memory_MB": 2472.9130859375,
  "validation_start_acc": 0.6260170293282876,
  "validation_end_acc": 0.6572374645222328,
  "validation_span_acc": 0.5370860927152318,
  "validation_em": 0.6640491958372753,
  "validation_f1": 0.760695762787013,
  "validation_loss": 2.4971685175625784,
  "best_validation_start_acc": 0.6260170293282876,
  "best_validation_end_acc": 0.6572374645222328,
  "best_validation_span_acc": 0.5370860927152318,
  "best_validation_em": 0.6640491958372753,
  "best_validation_f1": 0.760695762787013,
  "best_validation_loss": 2.4971685175625784
}