{
  "best_epoch": 8,
  "peak_worker_0_memory_MB": 10381.48046875,
  "peak_gpu_0_memory_MB": 2475.63134765625,
  "training_duration": "0:39:35.099500",
  "epoch": 16,
  "training_start_acc": 0.805488647130675,
  "training_end_acc": 0.8616194248792794,
  "training_span_acc": 0.7325197776230322,
  "training_em": 0.7878400438361168,
  "training_f1": 0.8966183784456948,
  "training_loss": 0.9848350353436928,
  "training_worker_0_memory_MB": 10381.48046875,
  "training_gpu_0_memory_MB": 2468.67041015625,
  "validation_start_acc": 0.6225165562913907,
  "validation_end_acc": 0.6577105014191107,
  "validation_span_acc": 0.535666982024598,
  "validation_em": 0.6664143803216651,
  "validation_f1": 0.7659956164085558,
  "validation_loss": 3.301910142628652,
  "best_validation_start_acc": 0.6342478713339641,
  "best_validation_end_acc": 0.6695364238410596,
  "best_validation_span_acc": 0.5470198675496689,
  "best_validation_em": 0.6755912961210975,
  "best_validation_f1": 0.7726551660020516,
  "best_validation_loss": 2.6248820745720054
}