{
  "best_epoch": 8,
  "peak_worker_0_memory_MB": 10381.48046875,
  "peak_gpu_0_memory_MB": 2475.12060546875,
  "training_duration": "0:32:41.156450",
  "epoch": 13,
  "training_start_acc": 0.7706594824141828,
  "training_end_acc": 0.8225778833091701,
  "training_span_acc": 0.6873366134316602,
  "training_em": 0.74541946825877,
  "training_f1": 0.8669937979013829,
  "training_loss": 1.250029674716736,
  "training_worker_0_memory_MB": 10381.48046875,
  "training_gpu_0_memory_MB": 2464.07080078125,
  "validation_start_acc": 0.6264900662251656,
  "validation_end_acc": 0.6617786187322611,
  "validation_span_acc": 0.5401135288552507,
  "validation_em": 0.6669820245979187,
  "validation_f1": 0.7665519328704803,
  "validation_loss": 2.9685764942529067,
  "best_validation_start_acc": 0.6342478713339641,
  "best_validation_end_acc": 0.6695364238410596,
  "best_validation_span_acc": 0.5470198675496689,
  "best_validation_em": 0.6755912961210975,
  "best_validation_f1": 0.7726551660020516,
  "best_validation_loss": 2.6248820745720054
}