{
  "best_epoch": 1,
  "peak_worker_0_memory_MB": 10377.72265625,
  "peak_gpu_0_memory_MB": 2471.2734375,
  "training_duration": "0:04:40.743816",
  "epoch": 1,
  "training_start_acc": 0.5305768330688706,
  "training_end_acc": 0.5756915033276636,
  "training_span_acc": 0.4330072261098871,
  "training_em": 0.48485713307229533,
  "training_f1": 0.6321858558646781,
  "training_loss": 3.2548535424280383,
  "training_worker_0_memory_MB": 10377.72265625,
  "training_gpu_0_memory_MB": 2471.2734375,
  "validation_start_acc": 0.5867549668874172,
  "validation_end_acc": 0.6282876064333018,
  "validation_span_acc": 0.49167455061494797,
  "validation_em": 0.6079470198675496,
  "validation_f1": 0.723878387946099,
  "validation_loss": 2.7948652649825476,
  "best_validation_start_acc": 0.5867549668874172,
  "best_validation_end_acc": 0.6282876064333018,
  "best_validation_span_acc": 0.49167455061494797,
  "best_validation_em": 0.6079470198675496,
  "best_validation_f1": 0.723878387946099,
  "best_validation_loss": 2.7948652649825476
}