{
  "best_epoch": 6,
  "peak_worker_0_memory_MB": 10381.22265625,
  "peak_gpu_0_memory_MB": 2472.9130859375,
  "training_duration": "0:18:45.907724",
  "epoch": 7,
  "training_start_acc": 0.6782611673649243,
  "training_end_acc": 0.727770864964212,
  "training_span_acc": 0.583853696960011,
  "training_em": 0.6436489001015994,
  "training_f1": 0.7827786670155826,
  "training_loss": 1.9745072866683682,
  "training_worker_0_memory_MB": 10381.22265625,
  "training_gpu_0_memory_MB": 2470.52099609375,
  "validation_start_acc": 0.6276253547776727,
  "validation_end_acc": 0.6677388836329233,
  "validation_span_acc": 0.5438978240302743,
  "validation_em": 0.6667928098391674,
  "validation_f1": 0.7651070751171983,
  "validation_loss": 2.537777866507476,
  "best_validation_start_acc": 0.6305581835383159,
  "best_validation_end_acc": 0.671523178807947,
  "best_validation_span_acc": 0.5447492904446547,
  "best_validation_em": 0.6729422894985809,
  "best_validation_f1": 0.7716877590283877,
  "best_validation_loss": 2.5223602483857355
}