{
  "best_epoch": 8,
  "peak_worker_0_memory_MB": 10381.48046875,
  "peak_gpu_0_memory_MB": 2474.84228515625,
  "training_duration": "0:23:26.275868",
  "epoch": 9,
  "training_start_acc": 0.7049053071382093,
  "training_end_acc": 0.7536501558236967,
  "training_span_acc": 0.6117878057968699,
  "training_em": 0.6711035514104042,
  "training_f1": 0.8066512335225015,
  "training_loss": 1.769843571425573,
  "training_worker_0_memory_MB": 10381.48046875,
  "training_gpu_0_memory_MB": 2472.720703125,
  "validation_start_acc": 0.6303689687795648,
  "validation_end_acc": 0.6708609271523179,
  "validation_span_acc": 0.5452223273415326,
  "validation_em": 0.6732261116367076,
  "validation_f1": 0.7690625356854164,
  "validation_loss": 2.5589989488979556,
  "best_validation_start_acc": 0.6342478713339641,
  "best_validation_end_acc": 0.6695364238410596,
  "best_validation_span_acc": 0.5470198675496689,
  "best_validation_em": 0.6755912961210975,
  "best_validation_f1": 0.7726551660020516,
  "best_validation_loss": 2.6248820745720054
}