{
  "best_epoch": 2,
  "peak_worker_0_memory_MB": 10380.1015625,
  "peak_gpu_0_memory_MB": 2471.2734375,
  "training_duration": "0:07:02.832487",
  "epoch": 2,
  "training_start_acc": 0.5784769232525485,
  "training_end_acc": 0.624105298005685,
  "training_span_acc": 0.48126120161189057,
  "training_em": 0.5359421911209032,
  "training_f1": 0.6828029356805475,
  "training_loss": 2.85318544379108,
  "training_worker_0_memory_MB": 10380.1015625,
  "training_gpu_0_memory_MB": 2469.89892578125,
  "validation_start_acc": 0.6163670766319773,
  "validation_end_acc": 0.6468306527909177,
  "validation_span_acc": 0.5221381267738884,
  "validation_em": 0.6438978240302744,
  "validation_f1": 0.7493351778294512,
  "validation_loss": 2.5931987191146275,
  "best_validation_start_acc": 0.6163670766319773,
  "best_validation_end_acc": 0.6468306527909177,
  "best_validation_span_acc": 0.5221381267738884,
  "best_validation_em": 0.6438978240302744,
  "best_validation_f1": 0.7493351778294512,
  "best_validation_loss": 2.5931987191146275
}